record_type,metric_key,metric_label,metric_value,severity,summary,action_needed,export_generated_at_utc,source_last_trading_day,validation_grade,data_status
kpi,refresh_timestamp,Refresh Timestamp,2026-08-14T13:15:19.270841+00:00,,,,2026-08-14T13:15:48.384144+00:00,2026-08-13,Clean,ok
kpi,export_manifest_generated_at,Export Manifest Generated At,2026-08-14T13:15:48.384144+00:00,,,,2026-08-14T13:15:48.384144+00:00,2026-08-13,Clean,ok
kpi,validation_grade,Validation Grade,Clean,,,,2026-08-14T13:15:48.384144+00:00,2026-08-13,Clean,ok
kpi,critical_count,Critical Count,0,,,,2026-08-14T13:15:48.384144+00:00,2026-08-13,Clean,ok
kpi,warning_count,Warning Count,0,,,,2026-08-14T13:15:48.384144+00:00,2026-08-13,Clean,ok
kpi,source_freshness_status,Source Freshness Status,Stale,,,,2026-08-14T13:15:48.384144+00:00,2026-08-13,Clean,ok
kpi,oldest_source_age_hours,Oldest Source Age Hours,2218.95,,,,2026-08-14T13:15:48.384144+00:00,2026-08-13,Clean,ok
kpi,stale_source_file_count,Stale Source File Count,1,,,,2026-08-14T13:15:48.384144+00:00,2026-08-13,Clean,ok
kpi,warning_source_file_count,Warning Source File Count,0,,,,2026-08-14T13:15:48.384144+00:00,2026-08-13,Clean,ok
kpi,universe_consistency,Universe Consistency,Clean,,,,2026-08-14T13:15:48.384144+00:00,2026-08-13,Clean,ok
kpi,universe_tracked,Universe Tracked,42,,,,2026-08-14T13:15:48.384144+00:00,2026-08-13,Clean,ok
kpi,technical_drift_scope,Technical Drift Scope,38,,,,2026-08-14T13:15:48.384144+00:00,2026-08-13,Clean,ok
kpi,execution_board_scope,Execution Board Scope,10,,,,2026-08-14T13:15:48.384144+00:00,2026-08-13,Clean,ok
kpi,non_execution_tracked,Non Execution Tracked,32,,,,2026-08-14T13:15:48.384144+00:00,2026-08-13,Clean,ok
kpi,actionable_count,Actionable Count,0,,,,2026-08-14T13:15:48.384144+00:00,2026-08-13,Clean,ok
kpi,blocked_count,Blocked Count,0,,,,2026-08-14T13:15:48.384144+00:00,2026-08-13,Clean,ok
kpi,extended_count,Extended Count,5,,,,2026-08-14T13:15:48.384144+00:00,2026-08-13,Clean,ok
kpi,repair_count,Repair Count,3,,,,2026-08-14T13:15:48.384144+00:00,2026-08-13,Clean,ok
kpi,stale_band_count,Stale Band Count,0,,,,2026-08-14T13:15:48.384144+00:00,2026-08-13,Clean,ok
kpi,technical_note_parity_gaps,Technical Note Parity Gaps,0,,,,2026-08-14T13:15:48.384144+00:00,2026-08-13,Clean,ok
kpi,technical_note_missing_sections,Technical Note Missing Sections,0,,,,2026-08-14T13:15:48.384144+00:00,2026-08-13,Clean,ok
kpi,near_earnings_count,Near Earnings Count,0,,,,2026-08-14T13:15:48.384144+00:00,2026-08-13,Clean,ok
kpi,macro_regime,Macro Regime,"Restrictive pause, resilient growth, selective risk-on — large-cap quality bias",,,,2026-08-14T13:15:48.384144+00:00,2026-08-13,Clean,ok
kpi,policy_mode,Policy Mode,ok,,,,2026-08-14T13:15:48.384144+00:00,2026-08-13,Clean,ok
warning,portfolio_suspended_weight_gap,Portfolio Suspended Weight Gap,,info,Active portfolio weights plus cash sum to 90.0%; 10% is explicitly suspended legacy model weight and not active exposure.,Review the warning before trusting downstream outputs.,2026-08-14T13:15:48.384144+00:00,2026-08-13,Clean,ok
