ticker,company,coverage_tier,coverage_lane,sleeve,board_state,deployability_label,surface_scope,nearest_catalyst_date,catalyst_type,earnings_blocked,thesis_status,technical_freshness,technical_note_status,technical_note_action,priority_bucket,owner_note_pointer,last_sync_date,notes_short,export_generated_at_utc
ETN,Eaton,daily,execution,tactical,Almost deployable,ALMOST DEPLOYABLE,Execution lane — appears on deployment ranking and technical drift.,2026-11-03,earnings,FALSE,intact; owner-approved Tier 1 explicit add on 2026-05-10 after fresh band review,None,Aligned,band/stop levels align; suffix wording or update annotation differs,,05. Intelligence/Earnings/ETN Q1 2026 Post-Earnings Scorecard.md,2026-08-13,"Best chart in the sheet, but current price is extended versus the preferred zone",2026-08-14T13:15:48.384201+00:00
JPM,JPMorgan Chase,daily,execution,core,Almost deployable,ALMOST DEPLOYABLE,Execution lane — appears on deployment ranking and technical drift.,2026-10-13,earnings,FALSE,"intact; prior owner approval recorded on 2026-05-07, but current trigger is not live. Fresh 2026-05-22 artifact layer places JPM above the 304.96 to 315.95 reference band, so current posture is wait/no-chase pending fresh review.",None,Aligned,band/stop levels align; suffix wording or update annotation differs,,03. Portfolio/Execution Board.md,2026-08-13,"approval recorded, but trigger is not live -- wait for reclaim or explicit approved review",2026-08-14T13:15:48.384201+00:00
GOOG,Alphabet,daily,execution,core,Almost deployable,ALMOST DEPLOYABLE,Execution lane — appears on deployment ranking and technical drift.,2026-10-28,earnings,FALSE,intact,None,Aligned,band/stop levels align; suffix wording or update annotation differs,,05. Intelligence/Earnings/GOOG Q1 2026 Post-Earnings Scorecard.md,2026-08-13,workflow state is ALMOST -- constructive but not yet promoted,2026-08-14T13:15:48.384201+00:00
MSFT,Microsoft,daily,execution,core,Almost deployable,ALMOST DEPLOYABLE,Execution lane — appears on deployment ranking and technical drift.,2026-10-28,earnings,FALSE,intact; owner-approved staged manual candidacy recorded on 2026-05-12 after MSFT/GOOG/NVDA growth review; live trigger currently inactive while price is above written band,None,Aligned,band/stop levels align; suffix wording or update annotation differs,,05. Intelligence/Earnings/MSFT Q3 FY2026 Post-Earnings Scorecard.md,2026-08-13,workflow state is ALMOST -- constructive but not yet promoted,2026-08-14T13:15:48.384201+00:00
LMT,Lockheed Martin,daily,execution,core_repair_suspended,Do not touch,DO NOT TOUCH,Execution lane — appears on deployment ranking and technical drift.,2026-10-20,earnings,FALSE,intact but active model weight suspended while below-stop repair; prior 10% Core Defense draft weight is not counted as active exposure,None,Aligned,band/stop levels align; suffix wording or update annotation differs,,05. Intelligence/Earnings/LMT Q1 2026 Post-Earnings Scorecard.md,2026-08-13,Repair mode remains active until chart structure and support rebuild make the setup decision-grade again,2026-08-14T13:15:48.384201+00:00
BRK.B,Berkshire Hathaway,daily,execution,core,Do not touch,DO NOT TOUCH,Execution lane — appears on deployment ranking and technical drift.,2026-11-07,earnings,FALSE,intact,None,Aligned,band/stop levels align; suffix wording or update annotation differs,,03. Portfolio/Execution Board.md,2026-08-13,Repair mode remains active until chart structure and support rebuild make the setup decision-grade again,2026-08-14T13:15:48.384201+00:00
XOM,Exxon Mobil,daily,execution,core,Do not touch,DO NOT TOUCH,Execution lane — appears on deployment ranking and technical drift.,2026-10-30,earnings,FALSE,"intact long-term, weaker near-term",None,Aligned,,,05. Intelligence/Earnings/XOM Q1 2026 Post-Earnings Scorecard.md,2026-08-13,Repair mode remains active until chart structure and support rebuild make the setup decision-grade again,2026-08-14T13:15:48.384201+00:00
NVDA,NVIDIA,daily,execution,tactical,Almost deployable,ALMOST DEPLOYABLE,Execution lane — appears on deployment ranking and technical drift.,,,FALSE,"intact / thesis strengthened by Q1 FY2027 post-earnings official review, but crowded and above-band",None,Aligned,,,05. Intelligence/Earnings/NVDA Q1 FY2027 Post-Earnings Scorecard.md,2026-08-13,workflow state is ALMOST -- constructive but not yet promoted,2026-08-14T13:15:48.384201+00:00
AMZN,Amazon,event,watch,watch_only,Bench,WATCH LANE,Watch lane — excluded from deployment ranking; retained for watchlist visibility and technical upkeep.,2026-10-29,earnings,FALSE,intact but technically underdefined,None,Aligned,band/stop levels align; suffix wording or update annotation differs,,03. Portfolio/Execution Board.md,2026-08-13,Watch lane — excluded from deployment ranking; retained for watchlist visibility and technical upkeep.,2026-08-14T13:15:48.384201+00:00
BKNG,,event,watch,watch_only,Bench,WATCH LANE,Watch lane — excluded from deployment ranking; retained for watchlist visibility and technical upkeep.,2026-10-27,earnings,FALSE,Consumer Discretionary Tier 1 research candidate approved for watchlist on 2026-05-10; no deployment authority,None,Aligned,band/stop levels align; suffix wording or update annotation differs,,03. Portfolio/Execution Board.md,2026-08-13,Watch lane — excluded from deployment ranking; retained for watchlist visibility and technical upkeep.,2026-08-14T13:15:48.384201+00:00
VRT,Vertiv,daily,execution,formal_ai_power_tactical_challenger_starter_candidate,Bench,PROMOTION REVIEW,Execution lane — appears on deployment ranking and technical drift.,2026-10-21,earnings,FALSE,Owner-promoted 2026-05-29 into formal AI-power tactical challenger / starter-sizing planning after Q1 2026 beat-and-raise; ETN remains primary and concentration discipline remains binding.,None,Aligned,band/stop levels align; suffix wording or update annotation differs,,05. Intelligence/Earnings/VRT Q1 2026 Post-Earnings Scorecard.md,2026-08-13,portfolio-review only -- wait for band reclaim or explicit owner model/sleeve/deployment decision,2026-08-14T13:15:48.384201+00:00
RTX,RTX,event,watch,defense_watch_repair,Bench,WATCH LANE,Watch lane — excluded from deployment ranking; retained for watchlist visibility and technical upkeep.,2026-10-20,earnings,FALSE,under active review,None,Aligned,band/stop levels align; suffix wording or update annotation differs,,03. Portfolio/Execution Board.md,2026-08-13,Watch lane — excluded from deployment ranking; retained for watchlist visibility and technical upkeep.,2026-08-14T13:15:48.384201+00:00
CAT,Caterpillar,event,watch,tactical,Bench,WATCH LANE,Watch lane — excluded from deployment ranking; retained for watchlist visibility and technical upkeep.,2026-10-29,earnings,FALSE,under active review,None,Aligned,,,03. Portfolio/Execution Board.md,2026-08-13,Watch lane — excluded from deployment ranking; retained for watchlist visibility and technical upkeep.,2026-08-14T13:15:48.384201+00:00
GS,Goldman Sachs,daily,execution,tactical,Bench,PROMOTION REVIEW,Execution lane — appears on deployment ranking and technical drift.,2026-10-13,earnings,FALSE,intact but secondary to JPM for primary bank exposure,None,Aligned,,,03. Portfolio/Execution Board.md,2026-08-13,in band at 1042.63 -- explicit owner promotion review required before deployable-now status,2026-08-14T13:15:48.384201+00:00
CVX,Chevron,event,watch,watch_only,Bench,WATCH LANE,Watch lane — excluded from deployment ranking; retained for watchlist visibility and technical upkeep.,2026-10-30,earnings,FALSE,secondary energy read-through,None,Aligned,,,03. Portfolio/Execution Board.md,2026-08-13,Watch lane — excluded from deployment ranking; retained for watchlist visibility and technical upkeep.,2026-08-14T13:15:48.384201+00:00
PLTR,Palantir,event,watch,watch_only,Bench,WATCH LANE,Watch lane — excluded from deployment ranking; retained for watchlist visibility and technical upkeep.,2026-11-02,earnings,FALSE,higher-risk tactical narrative,None,Aligned,band/stop levels align; suffix wording or update annotation differs,,03. Portfolio/Execution Board.md,2026-08-13,Watch lane — excluded from deployment ranking; retained for watchlist visibility and technical upkeep.,2026-08-14T13:15:48.384201+00:00
KTOS,Kratos Defense,event,speculative,speculative,Speculative monitor,SPECULATIVE LANE,Speculative lane — summary visibility only; excluded from deployment ranking and technical drift.,2026-11-03,earnings,FALSE,speculative asymmetry,Not entitled,Not entitled,Macro/speculative lanes do not own a daily Execution Board section on this workbook surface.,,04. Research/Coverage and Watchlist.md,2026-08-13,Speculative lane — summary visibility only; excluded from deployment ranking and technical drift.,2026-08-14T13:15:48.384201+00:00
SLV,iShares Silver Trust,macro,macro,speculative,Macro context,MACRO LANE,Macro lane — summary visibility only; excluded from deployment ranking and technical drift.,,,FALSE,macro hedge,Not entitled,Not entitled,Macro/speculative lanes do not own a daily Execution Board section on this workbook surface.,,04. Research/Coverage and Watchlist.md,2026-08-13,Macro lane — summary visibility only; excluded from deployment ranking and technical drift.,2026-08-14T13:15:48.384201+00:00
AMD,Advanced Micro Devices,event,watch,watch_only,Bench,WATCH LANE,Watch lane — excluded from deployment ranking; retained for watchlist visibility and technical upkeep.,2026-11-03,earnings,FALSE,event-driven AI watch,None,Aligned,band/stop levels align; suffix wording or update annotation differs,,05. Intelligence/Earnings/AMD Q1 2026 Post-Earnings Scorecard.md,2026-08-13,Watch lane — excluded from deployment ranking; retained for watchlist visibility and technical upkeep.,2026-08-14T13:15:48.384201+00:00
LNG,Cheniere Energy,event,watch,watch_only,Bench,WATCH LANE,Watch lane — excluded from deployment ranking; retained for watchlist visibility and technical upkeep.,2026-10-29,earnings,FALSE,event-driven LNG export watch,None,Aligned,,,03. Portfolio/Execution Board.md,2026-08-13,Watch lane — excluded from deployment ranking; retained for watchlist visibility and technical upkeep.,2026-08-14T13:15:48.384201+00:00
TLT,iShares 20+ Year Treasury Bond ETF,macro,macro,speculative,Macro context,MACRO LANE,Macro lane — summary visibility only; excluded from deployment ranking and technical drift.,,,FALSE,macro duration hedge,Not entitled,Not entitled,Macro/speculative lanes do not own a daily Execution Board section on this workbook surface.,,04. Research/Coverage and Watchlist.md,2026-08-13,Macro lane — summary visibility only; excluded from deployment ranking and technical drift.,2026-08-14T13:15:48.384201+00:00
SMCI,Super Micro Computer,event,speculative,speculative,Speculative monitor,SPECULATIVE LANE,Speculative lane — summary visibility only; excluded from deployment ranking and technical drift.,2026-11-03,earnings,FALSE,speculative AI infrastructure monitor,Not entitled,Not entitled,Macro/speculative lanes do not own a daily Execution Board section on this workbook surface.,,05. Intelligence/Earnings/SMCI Q3 2026 Post-Earnings Scorecard.md,2026-08-13,Speculative lane — summary visibility only; excluded from deployment ranking and technical drift.,2026-08-14T13:15:48.384201+00:00
LLY,,event,watch,watch_only,Bench,WATCH LANE,Watch lane — excluded from deployment ranking; retained for watchlist visibility and technical upkeep.,2026-10-29,earnings,FALSE,Workflow 7 Healthcare watch-lane pilot — preferred sector leader over JNJ for first sleeve monitor,None,Aligned,,,03. Portfolio/Execution Board.md,2026-08-13,Watch lane — excluded from deployment ranking; retained for watchlist visibility and technical upkeep.,2026-08-14T13:15:48.384201+00:00
LIN,,event,watch,formal_materials_sleeve_starter_candidate,Bench,WATCH LANE,Watch lane — excluded from deployment ranking; retained for watchlist visibility and technical upkeep.,2026-10-30,earnings,FALSE,"Owner-promoted 2026-05-19 into formal Materials sleeve / starter-sizing planning after LIN owner-review packet; quality case accepted for planning, but premium valuation and top-of-band entry discipline remain blockers before any execution.",None,Aligned,,,03. Portfolio/Execution Board.md,2026-08-13,Watch lane — excluded from deployment ranking; retained for watchlist visibility and technical upkeep.,2026-08-14T13:15:48.384201+00:00
ECL,,watch,watch,sector_monitor,Bench,WATCH LANE,Watch lane — excluded from deployment ranking; retained for watchlist visibility and technical upkeep.,2026-10-27,earnings,FALSE,promoted 2026-05-15 to machine-tracked Materials-adjacent research monitor; defensive compounder candidate,None,Aligned,,,03. Portfolio/Execution Board.md,2026-08-13,Watch lane — excluded from deployment ranking; retained for watchlist visibility and technical upkeep.,2026-08-14T13:15:48.384201+00:00
VMC,,watch,watch,sector_monitor,Bench,WATCH LANE,Watch lane — excluded from deployment ranking; retained for watchlist visibility and technical upkeep.,2026-10-29,earnings,FALSE,promoted 2026-05-15 to machine-tracked infrastructure/aggregates Materials monitor,None,Aligned,,,03. Portfolio/Execution Board.md,2026-08-13,Watch lane — excluded from deployment ranking; retained for watchlist visibility and technical upkeep.,2026-08-14T13:15:48.384201+00:00
META,,event,watch,portfolio_review_candidate,Bench,WATCH LANE,Watch lane — excluded from deployment ranking; retained for watchlist visibility and technical upkeep.,2026-10-28,earnings,FALSE,"Owner-approved portfolio-review candidate 2026-05-15; strongest Communication Services fundamental candidate. Review-only: direct Tech/AI/platform crowding, capex/regulatory risk, and underdefined technical setup block any model allocation or deployment.",None,Aligned,,,03. Portfolio/Execution Board.md,2026-08-13,Watch lane — excluded from deployment ranking; retained for watchlist visibility and technical upkeep.,2026-08-14T13:15:48.384201+00:00
NFLX,,watch,watch,sector_monitor,Bench,WATCH LANE,Watch lane — excluded from deployment ranking; retained for watchlist visibility and technical upkeep.,2026-10-20,earnings,FALSE,promoted 2026-05-15 to machine-tracked Communication Services subscription/media quality monitor,None,Aligned,,,03. Portfolio/Execution Board.md,2026-08-13,Watch lane — excluded from deployment ranking; retained for watchlist visibility and technical upkeep.,2026-08-14T13:15:48.384201+00:00
TMUS,,watch,watch,sector_monitor,Bench,WATCH LANE,Watch lane — excluded from deployment ranking; retained for watchlist visibility and technical upkeep.,2026-10-22,earnings,FALSE,promoted 2026-05-15 to machine-tracked defensive telecom growth monitor,None,Aligned,,,03. Portfolio/Execution Board.md,2026-08-13,Watch lane — excluded from deployment ranking; retained for watchlist visibility and technical upkeep.,2026-08-14T13:15:48.384201+00:00
PH,,event,watch,portfolio_review_candidate,Bench,WATCH LANE,Watch lane — excluded from deployment ranking; retained for watchlist visibility and technical upkeep.,2026-11-05,earnings,FALSE,"Owner-approved portfolio-review candidate 2026-05-15; best higher-rate-resilient industrial compounder from sector-expansion pass. Review-only: requires technical levels, valuation discipline, concentration/risk check, and separate owner decision before any model allocation or deployment.",None,Aligned,,,03. Portfolio/Execution Board.md,2026-08-13,Watch lane — excluded from deployment ranking; retained for watchlist visibility and technical upkeep.,2026-08-14T13:15:48.384201+00:00
GE,,watch,watch,sector_monitor,Bench,WATCH LANE,Watch lane — excluded from deployment ranking; retained for watchlist visibility and technical upkeep.,2026-10-20,earnings,FALSE,promoted 2026-05-15 to machine-tracked aerospace quality / defense-commercial gap monitor,None,Aligned,,,03. Portfolio/Execution Board.md,2026-08-13,Watch lane — excluded from deployment ranking; retained for watchlist visibility and technical upkeep.,2026-08-14T13:15:48.384201+00:00
CME,,event,watch,portfolio_review_candidate,Bench,WATCH LANE,Watch lane — excluded from deployment ranking; retained for watchlist visibility and technical upkeep.,2026-10-21,earnings,FALSE,Owner-approved portfolio-review candidate 2026-05-15; financial infrastructure diversifier away from bank credit-cycle exposure. Review-only: valuation/regime fit and technical discipline remain blockers before any model allocation or deployment.,None,Aligned,,,03. Portfolio/Execution Board.md,2026-08-13,Watch lane — excluded from deployment ranking; retained for watchlist visibility and technical upkeep.,2026-08-14T13:15:48.384201+00:00
WMB,,watch,watch,sector_monitor,Bench,WATCH LANE,Watch lane — excluded from deployment ranking; retained for watchlist visibility and technical upkeep.,2026-11-02,earnings,FALSE,promoted 2026-05-15 to machine-tracked gas infrastructure / power-demand monitor,None,Aligned,,,03. Portfolio/Execution Board.md,2026-08-13,Watch lane — excluded from deployment ranking; retained for watchlist visibility and technical upkeep.,2026-08-14T13:15:48.384201+00:00
XLI,,watch,watch,etf_monitor,Bench,WATCH LANE,Watch lane — excluded from deployment ranking; retained for watchlist visibility and technical upkeep.,,,FALSE,promoted 2026-05-15 to coverage universe as ETF monitor only,None,Aligned,,,03. Portfolio/Execution Board.md,2026-08-13,Watch lane — excluded from deployment ranking; retained for watchlist visibility and technical upkeep.,2026-08-14T13:15:48.384201+00:00
XLB,,watch,watch,formal_materials_etf_starter_candidate,Bench,WATCH LANE,Watch lane — excluded from deployment ranking; retained for watchlist visibility and technical upkeep.,,,FALSE,Owner-promoted 2026-05-30 into formal Materials ETF starter-planning lane after promoted-ticker audit; improving Materials leadership and underexposure make XLB the cleaner paper-simulation candidate versus forcing another AI-power name.,None,Aligned,,,03. Portfolio/Execution Board.md,2026-08-13,Watch lane — excluded from deployment ranking; retained for watchlist visibility and technical upkeep.,2026-08-14T13:15:48.384201+00:00
XLC,,watch,watch,etf_monitor,Bench,WATCH LANE,Watch lane — excluded from deployment ranking; retained for watchlist visibility and technical upkeep.,,,FALSE,promoted 2026-05-15 to coverage universe as ETF monitor only,None,Aligned,,,03. Portfolio/Execution Board.md,2026-08-13,Watch lane — excluded from deployment ranking; retained for watchlist visibility and technical upkeep.,2026-08-14T13:15:48.384201+00:00
PAVE,,watch,watch,etf_monitor,Bench,WATCH LANE,Watch lane — excluded from deployment ranking; retained for watchlist visibility and technical upkeep.,,,FALSE,promoted 2026-05-15 to coverage universe as ETF monitor only,None,Aligned,,,03. Portfolio/Execution Board.md,2026-08-13,Watch lane — excluded from deployment ranking; retained for watchlist visibility and technical upkeep.,2026-08-14T13:15:48.384201+00:00
XLF,,watch,watch,etf_monitor,Bench,WATCH LANE,Watch lane — excluded from deployment ranking; retained for watchlist visibility and technical upkeep.,,,FALSE,promoted 2026-05-15 to coverage universe as ETF monitor only,None,Aligned,,,03. Portfolio/Execution Board.md,2026-08-13,Watch lane — excluded from deployment ranking; retained for watchlist visibility and technical upkeep.,2026-08-14T13:15:48.384201+00:00
XLE,,watch,watch,etf_monitor,Bench,WATCH LANE,Watch lane — excluded from deployment ranking; retained for watchlist visibility and technical upkeep.,,,FALSE,promoted 2026-05-15 to coverage universe as ETF monitor only,None,Aligned,,,03. Portfolio/Execution Board.md,2026-08-13,Watch lane — excluded from deployment ranking; retained for watchlist visibility and technical upkeep.,2026-08-14T13:15:48.384201+00:00
ITA,,event,watch,portfolio_review_candidate,Bench,WATCH LANE,Watch lane — excluded from deployment ranking; retained for watchlist visibility and technical upkeep.,,,FALSE,Owner-promoted 2026-05-18 to review-only paper-candidate queue after official iShares/BlackRock holdings proof; not execution-ready and no allocation/sizing/trade authority.,None,Aligned,,,03. Portfolio/Execution Board.md,2026-08-13,Watch lane — excluded from deployment ranking; retained for watchlist visibility and technical upkeep.,2026-08-14T13:15:48.384201+00:00
VAW,,watch,watch,etf_monitor,Bench,WATCH LANE,Watch lane — excluded from deployment ranking; retained for watchlist visibility and technical upkeep.,,,FALSE,promoted 2026-05-15 to coverage universe as ETF monitor only,None,Aligned,,,03. Portfolio/Execution Board.md,2026-08-13,Watch lane — excluded from deployment ranking; retained for watchlist visibility and technical upkeep.,2026-08-14T13:15:48.384201+00:00
VXUS,,watch,watch,etf_monitor,Bench,WATCH LANE,Watch lane — excluded from deployment ranking; retained for watchlist visibility and technical upkeep.,,,FALSE,Added 2026-05-18 to tracked_universe to close entry-band orphan after official Vanguard proof and review-only band fix; not execution-ready and no allocation/sizing/trade authority.,None,Aligned,,,03. Portfolio/Execution Board.md,2026-08-13,Watch lane — excluded from deployment ranking; retained for watchlist visibility and technical upkeep.,2026-08-14T13:15:48.384201+00:00
