ticker,coverage_lane,current_price,entry_band_low,entry_band_high,stop_invalidation,distance_to_band_pct,stale_flag,review_flag,technical_note_status,technical_note_action,last_band_update,note_owner,posture,comments_short,export_generated_at_utc
ETN,execution,401.51,395.59,420.31,383.23,-1.58,FALSE,None,Aligned,band/stop levels align; suffix wording or update annotation differs,2026-05-08,03. Portfolio/Technical Entry and Invalidation Sheet.md,In band,in band at 401.51 -- explicit owner promotion review required before deployable-now status,2026-05-10T03:38:40.318791+00:00
JPM,execution,302.1,306.82,318.12,301.17,-1.54,FALSE,Review needed,Aligned,band/stop levels align; suffix wording or update annotation differs,2026-05-08,03. Portfolio/Technical Entry and Invalidation Sheet.md,Extended,close 302.1 -- posture constructive but not yet in band,2026-05-10T03:38:40.318791+00:00
GOOG,execution,397.05,341.96,362.08,331.9,9.66,FALSE,Review needed,Aligned,band/stop levels align; suffix wording or update annotation differs,2026-05-08,03. Portfolio/Technical Entry and Invalidation Sheet.md,Extended,workflow state is ALMOST -- constructive but not yet promoted,2026-05-10T03:38:40.318791+00:00
MSFT,execution,415.12,389.64,412.56,378.18,0.62,FALSE,Review needed,Aligned,band/stop levels align; suffix wording or update annotation differs,2026-05-08,03. Portfolio/Technical Entry and Invalidation Sheet.md,Extended,workflow state is ALMOST -- constructive but not yet promoted,2026-05-10T03:38:40.318791+00:00
LMT,execution,506.51,548.51,582.27,531.63,-7.66,FALSE,Review needed,Aligned,band/stop levels align; suffix wording or update annotation differs,2026-05-08,03. Portfolio/Technical Entry and Invalidation Sheet.md,Broken,Repair mode remains active until chart structure and support rebuild make the setup decision-grade again,2026-05-10T03:38:40.318791+00:00
BRK.B,execution,475.94,471.93,484.15,465.81,-0.44,FALSE,None,Aligned,,2026-05-08,03. Portfolio/Technical Entry and Invalidation Sheet.md,In band,Repair mode remains active until chart structure and support rebuild make the setup decision-grade again,2026-05-10T03:38:40.318791+00:00
XOM,execution,144.57,150.24,158.44,146.14,-3.77,FALSE,Review needed,Aligned,,2026-05-08,03. Portfolio/Technical Entry and Invalidation Sheet.md,Broken,Repair mode remains active until chart structure and support rebuild make the setup decision-grade again,2026-05-10T03:38:40.318791+00:00
NVDA,execution,215.2,197.01,210.84,190.1,2.07,FALSE,Review needed,Aligned,band/stop levels align; suffix wording or update annotation differs,2026-05-08,03. Portfolio/Technical Entry and Invalidation Sheet.md,Extended,workflow state is ALMOST -- constructive but not yet promoted,2026-05-10T03:38:40.318791+00:00
AMZN,watch,272.68,252.27,267.19,244.81,2.05,FALSE,Review needed,Sync needed,Update the canonical note lines manually from the band-sync helper output.,2026-05-06,03. Portfolio/Technical Entry and Invalidation Sheet.md,Extended,Watch lane — technical coverage only; not on execution board.,2026-05-10T03:38:40.318791+00:00
VRT,execution,339.97,306.85,338.33,291.11,0.48,FALSE,Review needed,Aligned,band/stop levels align; suffix wording or update annotation differs,2026-05-08,03. Portfolio/Technical Entry and Invalidation Sheet.md,Extended,"levels are defined, but this execution setup remains watch-only until it is intentionally promoted",2026-05-10T03:38:40.318791+00:00
RTX,watch,176.09,183.01,193.23,177.91,-3.78,FALSE,Review needed,Sync needed,Update the canonical note lines manually from the band-sync helper output.,2026-05-06,03. Portfolio/Technical Entry and Invalidation Sheet.md,Broken,Watch lane — technical coverage only; not on execution board.,2026-05-10T03:38:40.318791+00:00
CAT,watch,897.45,811.65,866.48,784.25,3.57,FALSE,Review needed,Aligned,,2026-05-06,03. Portfolio/Technical Entry and Invalidation Sheet.md,Extended,Watch lane — technical coverage only; not on execution board.,2026-05-10T03:38:40.318791+00:00
GS,execution,936.48,878.71,926.76,854.68,1.05,FALSE,Review needed,Aligned,band/stop levels align; suffix wording or update annotation differs,2026-05-08,03. Portfolio/Technical Entry and Invalidation Sheet.md,Extended,workflow state is ALMOST -- constructive but not yet promoted,2026-05-10T03:38:40.318791+00:00
CVX,watch,181.62,186.91,196.41,182.16,-2.83,FALSE,Review needed,Aligned,,2026-05-01,03. Portfolio/Technical Entry and Invalidation Sheet.md,Broken,Watch lane — technical coverage only; not on execution board.,2026-05-10T03:38:40.318791+00:00
PLTR,watch,137.8,137.37,149.53,131.29,-3.94,FALSE,None,Sync needed,Update the canonical note lines manually from the band-sync helper output.,2026-05-06,03. Portfolio/Technical Entry and Invalidation Sheet.md,In band,Watch lane — technical coverage only; not on execution board.,2026-05-10T03:38:40.318791+00:00
AMD,watch,455.19,295.33,342.53,271.73,32.89,FALSE,Review needed,Sync needed,Update the canonical note lines manually from the band-sync helper output.,2026-05-06,03. Portfolio/Technical Entry and Invalidation Sheet.md,Extended,Watch lane — technical coverage only; not on execution board.,2026-05-10T03:38:40.318791+00:00
LNG,watch,240.11,260.82,275.56,253.45,-7.94,FALSE,Review needed,Aligned,,2026-05-01,03. Portfolio/Technical Entry and Invalidation Sheet.md,Broken,Watch lane — technical coverage only; not on execution board.,2026-05-10T03:38:40.318791+00:00
LLY,watch,948.45,907.64,969.88,876.52,1.03,FALSE,None,Aligned,,2026-05-06,03. Portfolio/Technical Entry and Invalidation Sheet.md,In band,Watch lane — technical coverage only; not on execution board.,2026-05-10T03:38:40.318791+00:00
