ticker,board_state,distance_to_band_pct,entry_band_low,entry_band_high,technical_readiness,earnings_catalyst_risk,macro_fit,invalidation_clarity,portfolio_role,priority_rank,priority_bucket,reason_for_rank,next_trigger,export_generated_at_utc
GS,Deployable,0.06,878.71,926.76,In band,Next earnings 2026-07-14 (70d out),Useful capital-markets-sensitive financial for tactical board coverage,Clear,tactical,3,Highest priority,in entry band | regime-score stance constructive,"In band at 878.71 to 926.76, but only as a tactical add with disciplined size while JPM remains the primary bank setup",2026-05-05T00:50:07.183679+00:00
JPM,Deployable,-1.54,306.82,318.12,In band,Next earnings 2026-07-14 (70d out),Good fit in selective risk-on with stable credit and curve backdrop,Clear,core,1,Highest priority,in entry band | regime-score stance constructive,Pullback into 300 to 306 while holding the 200-day and higher-low structure,2026-05-05T00:50:07.183679+00:00
NVDA,Deployable,2.49,188.03,199.28,In band,Next earnings 2026-05-20 (15d out),AI regime fit remains strong,Clear,tactical,2,Highest priority,in entry band | regime-score stance constructive,"Pullback into 186 to 191 only, not a chase above current levels",2026-05-05T00:50:07.183679+00:00
ETN,Almost deployable,0.51,395.59,420.31,Near band,Next earnings 2026-05-05 in 0d -- treat as timing-sensitive,"Strong fit with AI power, electrification, and industrial capex",Clear,tactical,6,High priority,near deployable zone | near earnings window | regime-score stance constructive,"Pullback into 388 to 396 with support holding, or disciplined continuation that does not become a chase",2026-05-05T00:50:07.183679+00:00
GOOG,Almost deployable,8.66,330.01,349.37,Near band,Next earnings 2026-07-23 (79d out),Good fit for quality large-cap exposure,Clear,core,4,High priority,near deployable zone | regime-score stance constructive,Pullback into 330.01 to 349.37 with the post-print structure holding; no chase after the ~10% earnings gap,2026-05-05T00:50:07.183679+00:00
MSFT,Almost deployable,0.26,389.64,412.56,Near band,Next earnings 2026-07-29 (85d out),Good fit for quality AI platform exposure,Clear,core,5,High priority,near deployable zone | regime-score stance constructive,"Pullback into 389.64 to 412.56 with support holding, or stronger repair that can reclaim the 200-day cleanly",2026-05-05T00:50:07.183679+00:00
BRK.B,Do not touch,-0.72,471.93,484.15,Extended,Next earnings 2026-08-01 (88d out); earnings date changed in latest provider feed; verify against IR before relying on timing,Good fit for ballast in mixed regime,Clear,core,21,No-action,Repair mode remains active until chart structure and support rebuild make the setup decision-grade again,Only actionable on clear repair through 481 plus improving posture,2026-05-05T00:50:07.183679+00:00
LMT,Do not touch,-8.53,566.46,598.98,Broken,Repair mode remains active until a fresh support base forms after earnings,Defense fit remains valid,Clear,core,22,No-action,below stop / broken,No trigger until after earnings and a fresh post-event base,2026-05-05T00:50:07.183679+00:00
XOM,Do not touch,-0.42,150.24,158.44,In band,Keep benched until the next one to two EIA reads plus Hormuz and Qatar LNG follow-through clarify whether the setup can reclaim the 50-day cleanly,Mixed with oil structure and energy tape still unstable,Clear,core,20,No-action,in entry band,Only if price stabilizes above 141.97 and starts reclaiming the 50-day with supportive energy context,2026-05-05T00:50:07.183679+00:00
VRT,Bench,1.33,295.49,326.63,Extended,Next earnings 2026-07-29 (85d out),Good thematic fit with AI power and thermal demand,Clear,watch_only,19,Watch only,"levels are defined, but this execution setup remains watch-only until it is intentionally promoted",Pullback into 295.49 to 326.63 with support holding; still secondary to ETN unless the setup improves further,2026-05-05T00:50:07.183679+00:00
